category,total,independent_groups,train,validation,test,review
Прочее,316,296,193,41,41,41
Отслеживание отправлений,226,224,159,33,33,1
Проблема с QR-код(подключение/отключение),135,119,90,21,18,6
Импорт списков из ЛК ЮЛ,101,97,68,14,15,4
Ошибка в приложении (восстановление работоспособности),94,87,63,14,12,5
Проблема с push/sms/email,92,79,58,13,13,8
Электронные обращения,82,77,53,11,11,7
Проблема с ОПС/доставкой,71,66,48,9,10,4
Формирование и закрытие емкостей,70,69,48,10,11,1
Ошибки загрузки страницы/зависания,66,65,43,9,9,5
Проблема с авторизацией/ЭЗП/Бонусами/Доверенностями,56,52,37,8,8,3
Письма\бандероли,56,56,38,8,8,2
Импорт списков из архива ф.103 (zip-архив),53,53,37,8,8,0
Проблемы в работе Препост/PrePost,49,47,34,7,8,0
Личный кабинет,44,43,32,6,6,0
Автодобавление почтовых отправлений,42,36,23,6,6,7
Проблема с данными в личном кабинете клиента,36,36,24,5,5,2
Не проходит оплата/возврат,35,32,23,4,4,4
Посылки,33,33,23,5,5,0
Предложение по изменению,29,28,19,4,4,2
Проблема с адресами,25,22,18,3,4,0
"Проблема с печатью, открытием, формированием документации",24,24,16,4,4,0
Создание и изменение пользователя с правами Администратор,21,20,15,3,3,0
Передача статусов в Трекинг,20,20,14,3,3,0
Проблемы в работе Silkway,18,18,12,2,2,2
Проблема с загрузкой данных в 1С,18,18,12,3,3,0
Проблемы в работе ИС Возвраты,17,17,11,3,3,0
Недоступность портала,17,17,11,3,3,0
Ошибки оплаты,15,14,9,2,2,2
Проблема с адресом\индексом,15,15,11,2,2,0
Установка Препост/PrePost в ОПС,11,11,7,2,2,0
Проблема из почты,9,9,7,1,1,0
Событие из системы мониторинга,9,7,7,1,1,0
Уведомления по электронной почте,8,8,6,1,1,0
Интеграционное взаимодействие,3,3,1,1,1,0
Массовая отправка,3,3,1,1,1,0
"Сервис ""Открытки""",3,3,2,0,0,1
Розыск почтовых переводов(Онлайн канал),2,2,2,0,0,0
Тарификация посылок,2,2,1,0,0,1
Абонентский ящик,2,2,2,0,0,0
Критический инцидент (КИ),1,1,1,0,0,0
Не выгружается бланк,1,1,1,0,0,0
Событие мониторинга ИС,1,1,1,0,0,0
