query_id,result_id,rank,relevant,actionable_solution,reviewer,comment
38587525,40396167,1,0,0,"AI assistant; preliminary, not domain expert",Нет уведомления о доставке против просьбы не возвращать отправление; совпадает шаблон. Итог «Решение предоставлено» не содержит шагов устранения.
38818729,38907618,1,1,0,"AI assistant; preliminary, not domain expert",В обоих случаях отсутствует операция приёма и отправление не видно в журнале. Итог «Решение предоставлено» не содержит шагов устранения.
38539821,38539850,1,1,0,"AI assistant; preliminary, not domain expert",Почти одинаковая проблема: не приходит код для QR. Близкий повтор пропущен группировкой; результат оптимистичен. Итог «Решение предоставлено» не содержит шагов устранения.
40663828,40641228,1,0,0,"AI assistant; preliminary, not domain expert",Отсутствие отслеживания против невозможности скачать отчёт; общий текст подписи. Итог «Решение предоставлено» не содержит шагов устранения.
38647383,40714452,1,1,0,"AI assistant; preliminary, not domain expert","Обе проблемы связаны с отсутствующим адресом, но точная причина не подтверждена. Итог «Решение предоставлено» не содержит шагов устранения."
40463775,38674569,1,0,0,"AI assistant; preliminary, not domain expert",Нет данных о предоформленном отправлении против отсутствия движения трека; точная проблема различается. Итог «Решение предоставлено» не содержит шагов устранения.
38817031,38819911,1,0,0,"AI assistant; preliminary, not domain expert",Исходное описание обрезано; сходство общего шаблона недостаточно. Итог «Решение предоставлено» не содержит шагов устранения.
40654629,40670974,1,1,0,"AI assistant; preliminary, not domain expert",Оба описания сообщают о неработающем отслеживании писем второй день. Итог «Решение предоставлено» не содержит шагов устранения.
38116960,40438900,1,0,0,"AI assistant; preliminary, not domain expert",Задержка уже оплаченной доставки против ошибки оплаты/отправки. Итог «Решение предоставлено» не содержит шагов устранения.
40595232,40467147,1,0,0,"AI assistant; preliminary, not domain expert",Чёрный экран против отсутствия трек-номера; совпадает шаблон формы. Итог «Решение предоставлено» не содержит шагов устранения.
